-- phpMyAdmin SQL Dump
-- version 4.1.12
-- http://www.phpmyadmin.net
--
-- Host: localhost
-- Generation Time: Apr 21, 2015 at 01:29 अपराह्न
-- Server version: 5.6.16
-- PHP Version: 5.5.11

SET SQL_MODE = "NO_AUTO_VALUE_ON_ZERO";
SET time_zone = "+00:00";


/*!40101 SET @OLD_CHARACTER_SET_CLIENT=@@CHARACTER_SET_CLIENT */;
/*!40101 SET @OLD_CHARACTER_SET_RESULTS=@@CHARACTER_SET_RESULTS */;
/*!40101 SET @OLD_COLLATION_CONNECTION=@@COLLATION_CONNECTION */;
/*!40101 SET NAMES utf8 */;

--
-- Database: `futsal`
--

-- --------------------------------------------------------

--
-- Table structure for table `arenas`
--

CREATE TABLE IF NOT EXISTS `arenas` (
  `id` int(10) unsigned NOT NULL AUTO_INCREMENT,
  `name` varchar(255) COLLATE utf8_unicode_ci NOT NULL,
  `address` varchar(255) COLLATE utf8_unicode_ci NOT NULL,
  `phone` varchar(15) COLLATE utf8_unicode_ci NOT NULL,
  `about` text COLLATE utf8_unicode_ci NOT NULL,
  `user_id` int(10) unsigned NOT NULL,
  `created_at` timestamp NOT NULL DEFAULT '0000-00-00 00:00:00',
  `updated_at` timestamp NOT NULL DEFAULT '0000-00-00 00:00:00',
  `banner` text COLLATE utf8_unicode_ci NOT NULL,
  `deleted_at` timestamp NULL DEFAULT NULL,
  `city` text COLLATE utf8_unicode_ci NOT NULL,
  `district` text COLLATE utf8_unicode_ci NOT NULL,
  PRIMARY KEY (`id`),
  KEY `arenas_owner_id_foreign` (`user_id`)
) ENGINE=InnoDB  DEFAULT CHARSET=utf8 COLLATE=utf8_unicode_ci AUTO_INCREMENT=24 ;

--
-- Dumping data for table `arenas`
--

INSERT INTO `arenas` (`id`, `name`, `address`, `phone`, `about`, `user_id`, `created_at`, `updated_at`, `banner`, `deleted_at`, `city`, `district`) VALUES
(3, 'Birauta futsal', 'arsenal futsal arena', '9806642985', '', 6, '2015-04-01 08:53:08', '2015-04-01 08:59:33', '', NULL, '', ''),
(19, 'New Futsal arena ', 'birtamood', '9806754321', '<p>timilai dobato ma&nbsp;</p>\r\n', 3, '2015-04-01 09:01:37', '2015-04-21 09:41:44', 'LxHv0RVX5s.jpg', NULL, 'Pokhara', 'Kaski'),
(21, 'Pokhara futsal pvt. ltd', 'Bagale Tole', '9806642985', '<p>Pages you view in incognito tabs won&rsquo;t stick around in your browser&rsquo;s history, cookie store, or search history after you&rsquo;ve closed&nbsp;<strong>all</strong>&nbsp;of your incognito tabs. Any files you download or bookmarks you create will be kept.&nbsp;<a href="https://www.google.com/support/chrome/bin/answer.py?answer=95464">Learn more about incognito browsing</a></p>\r\n', 12, '2015-04-14 10:35:13', '2015-04-19 11:52:48', 'tf1Wd0T1vu.jpg', NULL, 'Pokhara', 'Kaski'),
(22, 'Getting high futsal pvt. ltd', '', '', '', 15, '2015-04-21 08:58:45', '2015-04-21 08:58:45', '', NULL, '', ''),
(23, 'vakunday arena', '', '', '', 16, '2015-04-21 09:03:51', '2015-04-21 09:03:51', '', NULL, '', '');

-- --------------------------------------------------------

--
-- Table structure for table `bookings`
--

CREATE TABLE IF NOT EXISTS `bookings` (
  `id` int(10) unsigned NOT NULL AUTO_INCREMENT,
  `schedule_id` int(11) NOT NULL,
  `user_id` int(11) NOT NULL,
  `booking_date` date NOT NULL,
  `status` int(11) NOT NULL,
  `arena_id` int(11) NOT NULL,
  `booked_price` bigint(20) NOT NULL,
  `created_at` timestamp NOT NULL DEFAULT '0000-00-00 00:00:00',
  `updated_at` timestamp NOT NULL DEFAULT '0000-00-00 00:00:00',
  PRIMARY KEY (`id`)
) ENGINE=InnoDB  DEFAULT CHARSET=utf8 COLLATE=utf8_unicode_ci AUTO_INCREMENT=31 ;

--
-- Dumping data for table `bookings`
--

INSERT INTO `bookings` (`id`, `schedule_id`, `user_id`, `booking_date`, `status`, `arena_id`, `booked_price`, `created_at`, `updated_at`) VALUES
(1, 82, 1, '2015-04-02', 1, 3, 1, '2015-03-29 07:41:03', '2015-03-29 07:41:03'),
(2, 1, 1, '2015-03-29', 2, 3, 1, '2015-03-29 07:41:43', '2015-03-29 07:41:43'),
(3, 5, 1, '2015-04-02', 3, 3, 1, '2015-04-02 07:05:04', '2015-04-02 07:05:04'),
(4, 2, 7, '2015-04-13', 4, 3, 1, '2015-04-13 08:46:29', '2015-04-13 08:46:29'),
(5, 3, 7, '2015-04-14', 5, 3, 67, '2015-04-13 08:55:45', '2015-04-13 08:55:45'),
(6, 3, 7, '2015-04-14', 5, 3, 67, '2015-04-13 08:58:44', '2015-04-13 08:58:44'),
(7, 9, 7, '2015-04-13', 7, 3, 67, '2015-04-13 08:58:52', '2015-04-13 08:58:52'),
(8, 9, 7, '2015-04-13', 7, 3, 67, '2015-04-13 08:59:37', '2015-04-13 08:59:37'),
(9, 17, 7, '2015-04-14', 9, 3, 67, '2015-04-13 09:00:19', '2015-04-13 09:00:19'),
(10, 16, 7, '2015-04-13', 10, 3, 67, '2015-04-13 09:01:22', '2015-04-13 09:01:22'),
(11, 23, 7, '2015-04-13', 11, 3, 67, '2015-04-13 09:01:51', '2015-04-13 09:01:51'),
(12, 30, 7, '2015-04-13', 12, 3, 67, '2015-04-13 09:02:42', '2015-04-13 09:02:42'),
(13, 44, 7, '2015-04-13', 13, 3, 67, '2015-04-13 09:03:01', '2015-04-13 09:03:01'),
(14, 51, 7, '2015-04-13', 14, 3, 67, '2015-04-13 09:13:07', '2015-04-13 09:13:07'),
(15, 58, 7, '2015-04-13', 15, 3, 67, '2015-04-13 09:23:59', '2015-04-13 09:23:59'),
(16, 31, 7, '2015-04-14', 16, 3, 67, '2015-04-13 09:36:42', '2015-04-13 09:36:42'),
(17, 93, 7, '2015-04-13', 17, 3, 67, '2015-04-13 09:37:45', '2015-04-13 09:37:46'),
(18, 93, 7, '2015-04-13', 17, 3, 67, '2015-04-13 09:38:38', '2015-04-13 09:38:38'),
(19, 86, 7, '2015-04-13', 19, 3, 67, '2015-04-13 09:40:21', '2015-04-13 09:40:21'),
(20, 86, 7, '2015-04-13', 19, 3, 67, '2015-04-13 09:41:00', '2015-04-13 09:41:00'),
(21, 86, 7, '2015-04-13', 19, 3, 67, '2015-04-13 09:41:03', '2015-04-13 09:41:03'),
(22, 86, 7, '2015-04-13', 19, 3, 67, '2015-04-13 09:41:33', '2015-04-13 09:41:33'),
(23, 37, 7, '2015-04-13', 23, 3, 67, '2015-04-13 09:43:28', '2015-04-13 09:43:28'),
(24, 37, 7, '2015-04-13', 23, 3, 67, '2015-04-13 09:43:57', '2015-04-13 09:43:57'),
(25, 52, 7, '2015-04-14', 25, 3, 67, '2015-04-13 09:46:15', '2015-04-13 09:46:15'),
(26, 65, 7, '2015-04-13', 26, 3, 67, '2015-04-13 09:52:34', '2015-04-13 09:52:34'),
(27, 45, 7, '2015-04-14', 27, 3, 67, '2015-04-13 10:01:18', '2015-04-13 10:01:18'),
(28, 12, 7, '2015-04-16', 28, 3, 67, '2015-04-13 10:03:32', '2015-04-13 10:03:32'),
(29, 4, 7, '2015-04-15', 29, 3, 67, '2015-04-15 08:34:01', '2015-04-15 08:34:01'),
(30, 11, 7, '2015-04-15', 30, 3, 67, '2015-04-15 08:34:52', '2015-04-15 08:34:52');

-- --------------------------------------------------------

--
-- Table structure for table `events`
--

CREATE TABLE IF NOT EXISTS `events` (
  `id` int(10) unsigned NOT NULL AUTO_INCREMENT,
  `name` text COLLATE utf8_unicode_ci NOT NULL,
  `owner_id` int(10) unsigned NOT NULL,
  `image` text COLLATE utf8_unicode_ci NOT NULL,
  `detail` text COLLATE utf8_unicode_ci NOT NULL,
  `user_id` int(10) unsigned NOT NULL,
  `created_at` timestamp NOT NULL DEFAULT '0000-00-00 00:00:00',
  `updated_at` timestamp NOT NULL DEFAULT '0000-00-00 00:00:00',
  `deleted_at` timestamp NULL DEFAULT NULL,
  `event_id` int(11) NOT NULL,
  `start` date NOT NULL,
  `end` date NOT NULL,
  PRIMARY KEY (`id`),
  KEY `events_owner_id_foreign` (`owner_id`),
  KEY `events_user_id_foreign` (`user_id`)
) ENGINE=InnoDB  DEFAULT CHARSET=utf8 COLLATE=utf8_unicode_ci AUTO_INCREMENT=5 ;

--
-- Dumping data for table `events`
--

INSERT INTO `events` (`id`, `name`, `owner_id`, `image`, `detail`, `user_id`, `created_at`, `updated_at`, `deleted_at`, `event_id`, `start`, `end`) VALUES
(4, '9gag wq', 3, '', '', 1, '2015-04-21 08:10:22', '2015-04-21 08:10:23', NULL, 14, '0000-00-00', '0000-00-00');

-- --------------------------------------------------------

--
-- Table structure for table `locations`
--

CREATE TABLE IF NOT EXISTS `locations` (
  `id` int(11) NOT NULL AUTO_INCREMENT,
  `zone` text COLLATE utf8_unicode_ci NOT NULL,
  `district` text COLLATE utf8_unicode_ci NOT NULL,
  `city` text COLLATE utf8_unicode_ci NOT NULL,
  `created_at` timestamp NOT NULL DEFAULT '0000-00-00 00:00:00',
  `updated_at` timestamp NOT NULL DEFAULT '0000-00-00 00:00:00',
  PRIMARY KEY (`id`)
) ENGINE=InnoDB  DEFAULT CHARSET=utf8 COLLATE=utf8_unicode_ci AUTO_INCREMENT=5 ;

--
-- Dumping data for table `locations`
--

INSERT INTO `locations` (`id`, `zone`, `district`, `city`, `created_at`, `updated_at`) VALUES
(1, 'Lumbini', 'Kapilvastu', 'jhauta', '2015-04-19 09:23:53', '2015-04-19 09:23:53'),
(2, 'Bagmati', 'Kathmandu', 'sadak', '2015-04-19 10:56:01', '2015-04-19 10:56:01'),
(3, 'Gandaki', 'Kaski', 'Pokhara', '2015-04-19 10:56:10', '2015-04-19 10:56:10'),
(4, 'Gandaki', 'Kaski', 'Syangja', '0000-00-00 00:00:00', '0000-00-00 00:00:00');

-- --------------------------------------------------------

--
-- Table structure for table `markers`
--

CREATE TABLE IF NOT EXISTS `markers` (
  `id` int(10) unsigned NOT NULL AUTO_INCREMENT,
  `admin_id` int(11) NOT NULL,
  `map` text COLLATE utf8_unicode_ci NOT NULL,
  `lng` double(15,8) NOT NULL,
  `lat` double(15,8) NOT NULL,
  `created_at` timestamp NOT NULL DEFAULT '0000-00-00 00:00:00',
  `updated_at` timestamp NOT NULL DEFAULT '0000-00-00 00:00:00',
  `zone` text COLLATE utf8_unicode_ci NOT NULL,
  `district` text COLLATE utf8_unicode_ci NOT NULL,
  `city` text COLLATE utf8_unicode_ci NOT NULL,
  PRIMARY KEY (`id`)
) ENGINE=InnoDB  DEFAULT CHARSET=utf8 COLLATE=utf8_unicode_ci AUTO_INCREMENT=9 ;

--
-- Dumping data for table `markers`
--

INSERT INTO `markers` (`id`, `admin_id`, `map`, `lng`, `lat`, `created_at`, `updated_at`, `zone`, `district`, `city`) VALUES
(1, 3, '<iframe src="https://www.google.com/maps/embed?pb=!1m12!1m8!1m3!1d1757.7308485098752!2d83.98787485152667!3d28.22366301058894!3m2!1i1024!2i768!4f13.1!2m1!1sThe+Almond&#39;s+Cafe!5e0!3m2!1sen!2snp!4v1427801544711" width="600" height="450" frameborder="0" style="border:0"></iframe>', 83.98795300, 28.22378400, '2015-03-31 11:32:31', '2015-03-31 11:32:31', '', '', ''),
(2, 6, '<iframe src="https://www.google.com/maps/embed?pb=!1m14!1m8!1m3!1d439.48360728032935!2d83.95709901388521!3d28.211296691709407!3m2!1i1024!2i768!4f13.1!3m3!1m2!1s0x3995951e41a66175%3A0xd3352b1ffb948f76!2sBusy+Bee+Cafe!5e0!3m2!1sen!2snp!4v1427801644737" width="600" height="450" frameborder="0" style="border:0"></iframe>', 83.95705800, 28.21129600, '2015-03-31 11:34:11', '2015-03-31 11:34:11', '', '', ''),
(7, 0, '', 0.00000000, 0.00000000, '2015-04-19 06:30:50', '2015-04-19 06:30:50', 'Gandaki', 'Kaski', 'Pokhara'),
(8, 0, '', 0.00000000, 0.00000000, '2015-04-19 07:41:51', '2015-04-19 07:41:51', 'Koshi', 'Bhojpur', 'Janakpooor');

-- --------------------------------------------------------

--
-- Table structure for table `migrations`
--

CREATE TABLE IF NOT EXISTS `migrations` (
  `migration` varchar(255) COLLATE utf8_unicode_ci NOT NULL,
  `batch` int(11) NOT NULL
) ENGINE=InnoDB DEFAULT CHARSET=utf8 COLLATE=utf8_unicode_ci;

--
-- Dumping data for table `migrations`
--

INSERT INTO `migrations` (`migration`, `batch`) VALUES
('2015_01_24_095637_create_users_table', 1),
('2015_01_25_111051_create_schedules_table', 1),
('2015_02_02_090422_create_todo_table', 1),
('2015_02_02_185812_add_image_column_to_users_table', 1),
('2015_02_05_092528_create_arenas_table', 1),
('2015_03_04_130101_add_deleted_column_to_users_table', 1),
('2015_03_21_224717_create_bookings_table', 1),
('2015_03_23_121943_create_scheduleinfos_table', 1),
('2015_03_31_134142_create_markers_table', 2),
('2015_03_31_141557_create_events_table', 2),
('2015_03_31_160527_add_address_and_contact_column_to_users_table', 3),
('2015_04_02_133142_add_banner_column_to_arenas_table', 4),
('2015_04_02_153013_create_reviews_table', 4),
('2015_04_14_135918_add_softdelete_column_on_arenas_table', 5),
('2015_04_14_163833_add_cover_image_column_to_users_table', 5),
('2015_04_16_143855_update_status_in_user_profile', 6),
('2015_04_17_144934_arena_add_city_and_district', 7),
('2015_04_18_121747_add_softdelete_column_on_events_table', 8),
('2015_04_18_131053_add_event_id_column_on_events_table', 8),
('2015_04_19_135114_add_district_in_arena', 8),
('2015_04_19_143139_add_location_table', 8),
('2015_04_19_145227_add_location_table', 9),
('2015_04_19_150514_add_location_table', 10),
('2015_04_19_150818_add_location_table', 11),
('2015_04_18_144912_add_start_column_on_events_table', 12),
('2015_04_18_145447_add_end_column_on_events_table', 12),
('2015_04_21_140549_add_play_token_table', 12),
('2015_04_21_143655_add_play_token_table', 13),
('2015_04_21_144553_add_play_token_table', 14),
('2015_04_21_162132_add_owner_id_in_token_table', 15);

-- --------------------------------------------------------

--
-- Table structure for table `reviews`
--

CREATE TABLE IF NOT EXISTS `reviews` (
  `id` int(10) unsigned NOT NULL AUTO_INCREMENT,
  `user_id` int(11) NOT NULL,
  `review` text COLLATE utf8_unicode_ci NOT NULL,
  `arena_id` int(11) NOT NULL,
  `created_at` timestamp NOT NULL DEFAULT '0000-00-00 00:00:00',
  `updated_at` timestamp NOT NULL DEFAULT '0000-00-00 00:00:00',
  PRIMARY KEY (`id`)
) ENGINE=InnoDB  DEFAULT CHARSET=utf8 COLLATE=utf8_unicode_ci AUTO_INCREMENT=5 ;

--
-- Dumping data for table `reviews`
--

INSERT INTO `reviews` (`id`, `user_id`, `review`, `arena_id`, `created_at`, `updated_at`) VALUES
(1, 1, 'special discount hunxa hai yo ', 19, '2015-04-05 11:09:29', '2015-04-05 11:09:29'),
(2, 3, 'hey ', 3, '2015-04-05 11:20:54', '2015-04-05 11:20:54'),
(3, 1, 'tugjyjfdthrhtngfdetgegrwfrex  dgsdb', 19, '2015-04-13 10:29:40', '2015-04-13 10:29:40'),
(4, 1, 'maja aaya', 19, '2015-04-17 11:07:43', '2015-04-17 11:07:43');

-- --------------------------------------------------------

--
-- Table structure for table `scheduleinfos`
--

CREATE TABLE IF NOT EXISTS `scheduleinfos` (
  `id` int(10) unsigned NOT NULL AUTO_INCREMENT,
  `start_time` varchar(255) COLLATE utf8_unicode_ci NOT NULL,
  `end_time` varchar(255) COLLATE utf8_unicode_ci NOT NULL,
  `booking_id` int(11) NOT NULL,
  `day` int(11) NOT NULL,
  `price` bigint(20) NOT NULL,
  `created_at` timestamp NOT NULL DEFAULT '0000-00-00 00:00:00',
  `updated_at` timestamp NOT NULL DEFAULT '0000-00-00 00:00:00',
  PRIMARY KEY (`id`)
) ENGINE=InnoDB  DEFAULT CHARSET=utf8 COLLATE=utf8_unicode_ci AUTO_INCREMENT=31 ;

--
-- Dumping data for table `scheduleinfos`
--

INSERT INTO `scheduleinfos` (`id`, `start_time`, `end_time`, `booking_id`, `day`, `price`, `created_at`, `updated_at`) VALUES
(1, '5:00pm', '6:00pm', 1, 5, 1, '2015-03-29 07:41:03', '2015-03-29 07:41:03'),
(2, '6:00am', '7:00am', 2, 1, 1, '2015-03-29 07:41:43', '2015-03-29 07:41:43'),
(3, '6:00am', '7:00am', 3, 5, 1, '2015-04-02 07:05:04', '2015-04-02 07:05:04'),
(4, '6:00am', '7:00am', 4, 2, 1, '2015-04-13 08:46:29', '2015-04-13 08:46:29'),
(5, '6:00am', '7:00am', 5, 3, 67, '2015-04-13 08:55:45', '2015-04-13 08:55:45'),
(6, '6:00am', '7:00am', 6, 3, 67, '2015-04-13 08:58:44', '2015-04-13 08:58:44'),
(7, '7:00am', '8:00am', 7, 2, 67, '2015-04-13 08:58:52', '2015-04-13 08:58:52'),
(8, '7:00am', '8:00am', 8, 2, 67, '2015-04-13 08:59:37', '2015-04-13 08:59:37'),
(9, '8:00am', '9:00am', 9, 3, 67, '2015-04-13 09:00:19', '2015-04-13 09:00:19'),
(10, '8:00am', '9:00am', 10, 2, 67, '2015-04-13 09:01:23', '2015-04-13 09:01:23'),
(11, '9:00am', '10:00am', 11, 2, 67, '2015-04-13 09:01:51', '2015-04-13 09:01:51'),
(12, '10:00am', '11:00am', 12, 2, 67, '2015-04-13 09:02:42', '2015-04-13 09:02:42'),
(13, '12:00pm', '01:00pm', 13, 2, 67, '2015-04-13 09:03:01', '2015-04-13 09:03:01'),
(14, '01:00pm', '2:00pm', 14, 2, 67, '2015-04-13 09:13:07', '2015-04-13 09:13:07'),
(15, '2:00pm', '3:00pm', 15, 2, 67, '2015-04-13 09:23:59', '2015-04-13 09:23:59'),
(16, '10:00am', '11:00am', 16, 3, 67, '2015-04-13 09:36:42', '2015-04-13 09:36:42'),
(17, '7:00pm', '8:00pm', 17, 2, 67, '2015-04-13 09:37:46', '2015-04-13 09:37:46'),
(18, '7:00pm', '8:00pm', 18, 2, 67, '2015-04-13 09:38:38', '2015-04-13 09:38:38'),
(19, '6:00pm', '7:00pm', 19, 2, 67, '2015-04-13 09:40:21', '2015-04-13 09:40:21'),
(20, '6:00pm', '7:00pm', 20, 2, 67, '2015-04-13 09:41:00', '2015-04-13 09:41:00'),
(21, '6:00pm', '7:00pm', 21, 2, 67, '2015-04-13 09:41:03', '2015-04-13 09:41:03'),
(22, '6:00pm', '7:00pm', 22, 2, 67, '2015-04-13 09:41:33', '2015-04-13 09:41:33'),
(23, '11:00am', '12:00pm', 23, 2, 67, '2015-04-13 09:43:28', '2015-04-13 09:43:28'),
(24, '11:00am', '12:00pm', 24, 2, 67, '2015-04-13 09:43:57', '2015-04-13 09:43:57'),
(25, '01:00pm', '2:00pm', 25, 3, 67, '2015-04-13 09:46:15', '2015-04-13 09:46:15'),
(26, '3:00pm', '4:00pm', 26, 2, 67, '2015-04-13 09:52:34', '2015-04-13 09:52:34'),
(27, '12:00pm', '01:00pm', 27, 3, 67, '2015-04-13 10:01:18', '2015-04-13 10:01:18'),
(28, '7:00am', '8:00am', 28, 5, 67, '2015-04-13 10:03:32', '2015-04-13 10:03:32'),
(29, '6:00am', '7:00am', 29, 4, 67, '2015-04-15 08:34:01', '2015-04-15 08:34:01'),
(30, '7:00am', '8:00am', 30, 4, 67, '2015-04-15 08:34:52', '2015-04-15 08:34:52');

-- --------------------------------------------------------

--
-- Table structure for table `schedules`
--

CREATE TABLE IF NOT EXISTS `schedules` (
  `id` int(10) unsigned NOT NULL AUTO_INCREMENT,
  `start_time` varchar(255) COLLATE utf8_unicode_ci NOT NULL,
  `end_time` varchar(255) COLLATE utf8_unicode_ci NOT NULL,
  `time_diff` int(11) NOT NULL,
  `admin_id` int(11) NOT NULL,
  `day` int(11) NOT NULL,
  `price` bigint(20) NOT NULL,
  `book_status` int(11) NOT NULL,
  `booking` int(11) NOT NULL,
  `created_at` timestamp NOT NULL DEFAULT '0000-00-00 00:00:00',
  `updated_at` timestamp NOT NULL DEFAULT '0000-00-00 00:00:00',
  PRIMARY KEY (`id`)
) ENGINE=InnoDB  DEFAULT CHARSET=utf8 COLLATE=utf8_unicode_ci AUTO_INCREMENT=218 ;

--
-- Dumping data for table `schedules`
--

INSERT INTO `schedules` (`id`, `start_time`, `end_time`, `time_diff`, `admin_id`, `day`, `price`, `book_status`, `booking`, `created_at`, `updated_at`) VALUES
(1, '6:00am', '7:00am', 14, 3, 1, 67, 2, 0, '2015-03-29 07:25:09', '2015-03-31 07:24:36'),
(2, '6:00am', '7:00am', 14, 3, 2, 67, 4, 0, '2015-03-29 07:25:09', '2015-04-13 08:46:29'),
(3, '6:00am', '7:00am', 14, 3, 3, 67, 5, 0, '2015-03-29 07:25:09', '2015-04-13 08:55:45'),
(4, '6:00am', '7:00am', 14, 3, 4, 67, 29, 0, '2015-03-29 07:25:09', '2015-04-15 08:34:01'),
(5, '6:00am', '7:00am', 14, 3, 5, 67, 3, 0, '2015-03-29 07:25:09', '2015-04-02 07:05:04'),
(6, '6:00am', '7:00am', 14, 3, 6, 67, 0, 0, '2015-03-29 07:25:09', '2015-03-31 07:24:36'),
(7, '6:00am', '7:00am', 14, 3, 7, 67, 0, 0, '2015-03-29 07:25:09', '2015-03-31 07:24:36'),
(8, '7:00am', '8:00am', 14, 3, 1, 67, 0, 1, '2015-03-29 07:25:09', '2015-03-31 07:24:36'),
(9, '7:00am', '8:00am', 14, 3, 2, 67, 7, 1, '2015-03-29 07:25:09', '2015-04-13 08:58:52'),
(10, '7:00am', '8:00am', 14, 3, 3, 67, 0, 1, '2015-03-29 07:25:09', '2015-03-31 07:24:36'),
(11, '7:00am', '8:00am', 14, 3, 4, 67, 30, 1, '2015-03-29 07:25:09', '2015-04-15 08:34:52'),
(12, '7:00am', '8:00am', 14, 3, 5, 67, 28, 1, '2015-03-29 07:25:09', '2015-04-13 10:03:32'),
(13, '7:00am', '8:00am', 14, 3, 6, 67, 0, 1, '2015-03-29 07:25:09', '2015-03-31 07:24:36'),
(14, '7:00am', '8:00am', 14, 3, 7, 67, 0, 1, '2015-03-29 07:25:09', '2015-03-31 07:24:36'),
(15, '8:00am', '9:00am', 14, 3, 1, 67, 0, 2, '2015-03-29 07:25:09', '2015-03-31 07:24:36'),
(16, '8:00am', '9:00am', 14, 3, 2, 67, 10, 2, '2015-03-29 07:25:09', '2015-04-13 09:01:22'),
(17, '8:00am', '9:00am', 14, 3, 3, 67, 9, 2, '2015-03-29 07:25:09', '2015-04-13 09:00:19'),
(18, '8:00am', '9:00am', 14, 3, 4, 67, 0, 2, '2015-03-29 07:25:09', '2015-03-31 07:24:37'),
(19, '8:00am', '9:00am', 14, 3, 5, 67, 0, 2, '2015-03-29 07:25:09', '2015-03-31 07:24:37'),
(20, '8:00am', '9:00am', 14, 3, 6, 67, 0, 2, '2015-03-29 07:25:10', '2015-03-31 07:24:37'),
(21, '8:00am', '9:00am', 14, 3, 7, 67, 0, 2, '2015-03-29 07:25:10', '2015-03-31 07:24:37'),
(22, '9:00am', '10:00am', 14, 3, 1, 67, 0, 3, '2015-03-29 07:25:10', '2015-03-31 07:24:37'),
(23, '9:00am', '10:00am', 14, 3, 2, 67, 11, 3, '2015-03-29 07:25:10', '2015-04-13 09:01:51'),
(24, '9:00am', '10:00am', 14, 3, 3, 67, 0, 3, '2015-03-29 07:25:10', '2015-03-31 07:24:37'),
(25, '9:00am', '10:00am', 14, 3, 4, 67, 0, 3, '2015-03-29 07:25:10', '2015-03-31 07:24:37'),
(26, '9:00am', '10:00am', 14, 3, 5, 67, 0, 3, '2015-03-29 07:25:10', '2015-03-31 07:24:37'),
(27, '9:00am', '10:00am', 14, 3, 6, 67, 0, 3, '2015-03-29 07:25:10', '2015-03-31 07:24:37'),
(28, '9:00am', '10:00am', 14, 3, 7, 67, 0, 3, '2015-03-29 07:25:10', '2015-03-31 07:24:37'),
(29, '10:00am', '11:00am', 14, 3, 1, 67, 0, 4, '2015-03-29 07:25:10', '2015-03-31 07:24:37'),
(30, '10:00am', '11:00am', 14, 3, 2, 67, 12, 4, '2015-03-29 07:25:10', '2015-04-13 09:02:42'),
(31, '10:00am', '11:00am', 14, 3, 3, 67, 16, 4, '2015-03-29 07:25:10', '2015-04-13 09:36:42'),
(32, '10:00am', '11:00am', 14, 3, 4, 67, 0, 4, '2015-03-29 07:25:10', '2015-03-31 07:24:37'),
(33, '10:00am', '11:00am', 14, 3, 5, 67, 0, 4, '2015-03-29 07:25:10', '2015-03-31 07:24:37'),
(34, '10:00am', '11:00am', 14, 3, 6, 67, 0, 4, '2015-03-29 07:25:10', '2015-03-31 07:24:37'),
(35, '10:00am', '11:00am', 14, 3, 7, 67, 0, 4, '2015-03-29 07:25:10', '2015-03-31 07:24:37'),
(36, '11:00am', '12:00pm', 14, 3, 1, 67, 0, 5, '2015-03-29 07:25:10', '2015-03-31 07:24:37'),
(37, '11:00am', '12:00pm', 14, 3, 2, 67, 23, 5, '2015-03-29 07:25:10', '2015-04-13 09:43:28'),
(38, '11:00am', '12:00pm', 14, 3, 3, 67, 0, 5, '2015-03-29 07:25:10', '2015-03-31 07:24:37'),
(39, '11:00am', '12:00pm', 14, 3, 4, 67, 0, 5, '2015-03-29 07:25:10', '2015-03-31 07:24:37'),
(40, '11:00am', '12:00pm', 14, 3, 5, 67, 0, 5, '2015-03-29 07:25:10', '2015-03-31 07:24:37'),
(41, '11:00am', '12:00pm', 14, 3, 6, 67, 0, 5, '2015-03-29 07:25:10', '2015-03-31 07:24:37'),
(42, '11:00am', '12:00pm', 14, 3, 7, 67, 0, 5, '2015-03-29 07:25:10', '2015-03-31 07:24:37'),
(43, '12:00pm', '01:00pm', 14, 3, 1, 67, 0, 6, '2015-03-29 07:25:10', '2015-03-31 07:24:37'),
(44, '12:00pm', '01:00pm', 14, 3, 2, 67, 13, 6, '2015-03-29 07:25:10', '2015-04-13 09:03:01'),
(45, '12:00pm', '01:00pm', 14, 3, 3, 67, 27, 6, '2015-03-29 07:25:10', '2015-04-13 10:01:18'),
(46, '12:00pm', '01:00pm', 14, 3, 4, 67, 0, 6, '2015-03-29 07:25:10', '2015-03-31 07:24:38'),
(47, '12:00pm', '01:00pm', 14, 3, 5, 67, 0, 6, '2015-03-29 07:25:10', '2015-03-31 07:24:38'),
(48, '12:00pm', '01:00pm', 14, 3, 6, 67, 0, 6, '2015-03-29 07:25:10', '2015-03-31 07:24:38'),
(49, '12:00pm', '01:00pm', 14, 3, 7, 67, 0, 6, '2015-03-29 07:25:10', '2015-03-31 07:24:38'),
(50, '01:00pm', '2:00pm', 14, 3, 1, 67, 0, 7, '2015-03-29 07:25:10', '2015-03-31 07:24:38'),
(51, '01:00pm', '2:00pm', 14, 3, 2, 67, 14, 7, '2015-03-29 07:25:10', '2015-04-13 09:13:07'),
(52, '01:00pm', '2:00pm', 14, 3, 3, 67, 25, 7, '2015-03-29 07:25:10', '2015-04-13 09:46:15'),
(53, '01:00pm', '2:00pm', 14, 3, 4, 67, 0, 7, '2015-03-29 07:25:10', '2015-03-31 07:24:38'),
(54, '01:00pm', '2:00pm', 14, 3, 5, 67, 0, 7, '2015-03-29 07:25:10', '2015-03-31 07:24:38'),
(55, '01:00pm', '2:00pm', 14, 3, 6, 67, 0, 7, '2015-03-29 07:25:11', '2015-03-31 07:24:38'),
(56, '01:00pm', '2:00pm', 14, 3, 7, 67, 0, 7, '2015-03-29 07:25:11', '2015-03-31 07:24:38'),
(57, '2:00pm', '3:00pm', 14, 3, 1, 67, 0, 8, '2015-03-29 07:25:11', '2015-03-31 07:24:38'),
(58, '2:00pm', '3:00pm', 14, 3, 2, 67, 15, 8, '2015-03-29 07:25:11', '2015-04-13 09:23:59'),
(59, '2:00pm', '3:00pm', 14, 3, 3, 67, 0, 8, '2015-03-29 07:25:11', '2015-03-31 07:24:38'),
(60, '2:00pm', '3:00pm', 14, 3, 4, 67, 0, 8, '2015-03-29 07:25:11', '2015-03-31 07:24:38'),
(61, '2:00pm', '3:00pm', 14, 3, 5, 67, 0, 8, '2015-03-29 07:25:11', '2015-03-31 07:24:38'),
(62, '2:00pm', '3:00pm', 14, 3, 6, 67, 0, 8, '2015-03-29 07:25:11', '2015-03-31 07:24:38'),
(63, '2:00pm', '3:00pm', 14, 3, 7, 67, 0, 8, '2015-03-29 07:25:11', '2015-03-31 07:24:38'),
(64, '3:00pm', '4:00pm', 14, 3, 1, 67, 0, 9, '2015-03-29 07:25:11', '2015-03-31 07:24:38'),
(65, '3:00pm', '4:00pm', 14, 3, 2, 67, 26, 9, '2015-03-29 07:25:11', '2015-04-13 09:52:34'),
(66, '3:00pm', '4:00pm', 14, 3, 3, 67, 0, 9, '2015-03-29 07:25:11', '2015-03-31 07:24:38'),
(67, '3:00pm', '4:00pm', 14, 3, 4, 67, 0, 9, '2015-03-29 07:25:11', '2015-03-31 07:24:38'),
(68, '3:00pm', '4:00pm', 14, 3, 5, 67, 0, 9, '2015-03-29 07:25:11', '2015-03-31 07:24:38'),
(69, '3:00pm', '4:00pm', 14, 3, 6, 67, 0, 9, '2015-03-29 07:25:11', '2015-03-31 07:24:38'),
(70, '3:00pm', '4:00pm', 14, 3, 7, 67, 0, 9, '2015-03-29 07:25:11', '2015-03-31 07:24:38'),
(71, '4:00pm', '5:00pm', 14, 3, 1, 67, 0, 10, '2015-03-29 07:25:11', '2015-03-31 07:24:38'),
(72, '4:00pm', '5:00pm', 14, 3, 2, 67, 0, 10, '2015-03-29 07:25:11', '2015-03-31 07:24:38'),
(73, '4:00pm', '5:00pm', 14, 3, 3, 67, 0, 10, '2015-03-29 07:25:11', '2015-03-31 07:24:38'),
(74, '4:00pm', '5:00pm', 14, 3, 4, 67, 0, 10, '2015-03-29 07:25:11', '2015-03-31 07:24:39'),
(75, '4:00pm', '5:00pm', 14, 3, 5, 67, 0, 10, '2015-03-29 07:25:11', '2015-03-31 07:24:39'),
(76, '4:00pm', '5:00pm', 14, 3, 6, 67, 0, 10, '2015-03-29 07:25:11', '2015-03-31 07:24:39'),
(77, '4:00pm', '5:00pm', 14, 3, 7, 67, 0, 10, '2015-03-29 07:25:11', '2015-03-31 07:24:39'),
(78, '5:00pm', '6:00pm', 14, 3, 1, 67, 0, 11, '2015-03-29 07:25:11', '2015-03-31 07:24:39'),
(79, '5:00pm', '6:00pm', 14, 3, 2, 67, 0, 11, '2015-03-29 07:25:11', '2015-03-31 07:24:39'),
(80, '5:00pm', '6:00pm', 14, 3, 3, 67, 0, 11, '2015-03-29 07:25:11', '2015-03-31 07:24:39'),
(81, '5:00pm', '6:00pm', 14, 3, 4, 67, 0, 11, '2015-03-29 07:25:11', '2015-03-31 07:24:39'),
(82, '5:00pm', '6:00pm', 14, 3, 5, 67, 1, 11, '2015-03-29 07:25:11', '2015-03-31 07:24:39'),
(83, '5:00pm', '6:00pm', 14, 3, 6, 67, 0, 11, '2015-03-29 07:25:11', '2015-03-31 07:24:39'),
(84, '5:00pm', '6:00pm', 14, 3, 7, 67, 0, 11, '2015-03-29 07:25:11', '2015-03-31 07:24:39'),
(85, '6:00pm', '7:00pm', 14, 3, 1, 67, 0, 12, '2015-03-29 07:25:11', '2015-03-31 07:24:39'),
(86, '6:00pm', '7:00pm', 14, 3, 2, 67, 19, 12, '2015-03-29 07:25:11', '2015-04-13 09:40:21'),
(87, '6:00pm', '7:00pm', 14, 3, 3, 67, 0, 12, '2015-03-29 07:25:11', '2015-03-31 07:24:39'),
(88, '6:00pm', '7:00pm', 14, 3, 4, 67, 0, 12, '2015-03-29 07:25:11', '2015-03-31 07:24:39'),
(89, '6:00pm', '7:00pm', 14, 3, 5, 67, 0, 12, '2015-03-29 07:25:11', '2015-03-31 07:24:39'),
(90, '6:00pm', '7:00pm', 14, 3, 6, 67, 0, 12, '2015-03-29 07:25:11', '2015-03-31 07:24:39'),
(91, '6:00pm', '7:00pm', 14, 3, 7, 67, 0, 12, '2015-03-29 07:25:12', '2015-03-31 07:24:39'),
(92, '7:00pm', '8:00pm', 14, 3, 1, 67, 0, 13, '2015-03-29 07:25:12', '2015-03-31 07:24:39'),
(93, '7:00pm', '8:00pm', 14, 3, 2, 67, 17, 13, '2015-03-29 07:25:12', '2015-04-13 09:37:46'),
(94, '7:00pm', '8:00pm', 14, 3, 3, 67, 0, 13, '2015-03-29 07:25:12', '2015-03-31 07:24:39'),
(95, '7:00pm', '8:00pm', 14, 3, 4, 67, 0, 13, '2015-03-29 07:25:12', '2015-03-31 07:24:39'),
(96, '7:00pm', '8:00pm', 14, 3, 5, 67, 0, 13, '2015-03-29 07:25:12', '2015-03-31 07:24:39'),
(97, '7:00pm', '8:00pm', 14, 3, 6, 67, 0, 13, '2015-03-29 07:25:12', '2015-03-31 07:24:39'),
(98, '7:00pm', '8:00pm', 14, 3, 7, 67, 0, 13, '2015-03-29 07:25:12', '2015-03-31 07:24:39'),
(99, '12:00am', '1:00am', 2, 6, 1, 0, 0, 0, '2015-03-31 11:35:22', '2015-03-31 11:35:22'),
(100, '12:00am', '1:00am', 2, 6, 2, 0, 0, 0, '2015-03-31 11:35:22', '2015-03-31 11:35:22'),
(101, '12:00am', '1:00am', 2, 6, 3, 0, 0, 0, '2015-03-31 11:35:22', '2015-03-31 11:35:22'),
(102, '12:00am', '1:00am', 2, 6, 4, 0, 0, 0, '2015-03-31 11:35:22', '2015-03-31 11:35:22'),
(103, '12:00am', '1:00am', 2, 6, 5, 0, 0, 0, '2015-03-31 11:35:22', '2015-03-31 11:35:22'),
(104, '12:00am', '1:00am', 2, 6, 6, 0, 0, 0, '2015-03-31 11:35:22', '2015-03-31 11:35:22'),
(105, '12:00am', '1:00am', 2, 6, 7, 0, 0, 0, '2015-03-31 11:35:22', '2015-03-31 11:35:22'),
(106, '1:00am', '2:00am', 2, 6, 1, 0, 0, 1, '2015-03-31 11:35:22', '2015-03-31 11:35:22'),
(107, '1:00am', '2:00am', 2, 6, 2, 0, 0, 1, '2015-03-31 11:35:22', '2015-03-31 11:35:22'),
(108, '1:00am', '2:00am', 2, 6, 3, 0, 0, 1, '2015-03-31 11:35:22', '2015-03-31 11:35:22'),
(109, '1:00am', '2:00am', 2, 6, 4, 0, 0, 1, '2015-03-31 11:35:22', '2015-03-31 11:35:22'),
(110, '1:00am', '2:00am', 2, 6, 5, 0, 0, 1, '2015-03-31 11:35:23', '2015-03-31 11:35:23'),
(111, '1:00am', '2:00am', 2, 6, 6, 0, 0, 1, '2015-03-31 11:35:23', '2015-03-31 11:35:23'),
(112, '1:00am', '2:00am', 2, 6, 7, 0, 0, 1, '2015-03-31 11:35:23', '2015-03-31 11:35:23'),
(113, '6:00am', '7:00am', 15, 12, 1, 1496, 0, 0, '2015-04-19 11:51:54', '2015-04-19 11:51:54'),
(114, '6:00am', '7:00am', 15, 12, 2, 1500, 0, 0, '2015-04-19 11:51:55', '2015-04-19 11:51:55'),
(115, '6:00am', '7:00am', 15, 12, 3, 1500, 0, 0, '2015-04-19 11:51:55', '2015-04-19 11:51:55'),
(116, '6:00am', '7:00am', 15, 12, 4, 1500, 0, 0, '2015-04-19 11:51:55', '2015-04-19 11:51:55'),
(117, '6:00am', '7:00am', 15, 12, 5, 1500, 0, 0, '2015-04-19 11:51:55', '2015-04-19 11:51:55'),
(118, '6:00am', '7:00am', 15, 12, 6, 1500, 0, 0, '2015-04-19 11:51:55', '2015-04-19 11:51:55'),
(119, '6:00am', '7:00am', 15, 12, 7, 1500, 0, 0, '2015-04-19 11:51:55', '2015-04-19 11:51:55'),
(120, '7:00am', '8:00am', 15, 12, 1, 1500, 0, 1, '2015-04-19 11:51:55', '2015-04-19 11:51:55'),
(121, '7:00am', '8:00am', 15, 12, 2, 1500, 0, 1, '2015-04-19 11:51:55', '2015-04-19 11:51:55'),
(122, '7:00am', '8:00am', 15, 12, 3, 1500, 0, 1, '2015-04-19 11:51:55', '2015-04-19 11:51:55'),
(123, '7:00am', '8:00am', 15, 12, 4, 1500, 0, 1, '2015-04-19 11:51:55', '2015-04-19 11:51:55'),
(124, '7:00am', '8:00am', 15, 12, 5, 1500, 0, 1, '2015-04-19 11:51:55', '2015-04-19 11:51:55'),
(125, '7:00am', '8:00am', 15, 12, 6, 1500, 0, 1, '2015-04-19 11:51:55', '2015-04-19 11:51:55'),
(126, '7:00am', '8:00am', 15, 12, 7, 1500, 0, 1, '2015-04-19 11:51:55', '2015-04-19 11:51:55'),
(127, '8:00am', '9:00am', 15, 12, 1, 1500, 0, 2, '2015-04-19 11:51:55', '2015-04-19 11:51:55'),
(128, '8:00am', '9:00am', 15, 12, 2, 1500, 0, 2, '2015-04-19 11:51:55', '2015-04-19 11:51:55'),
(129, '8:00am', '9:00am', 15, 12, 3, 1500, 0, 2, '2015-04-19 11:51:55', '2015-04-19 11:51:55'),
(130, '8:00am', '9:00am', 15, 12, 4, 1500, 0, 2, '2015-04-19 11:51:55', '2015-04-19 11:51:55'),
(131, '8:00am', '9:00am', 15, 12, 5, 1500, 0, 2, '2015-04-19 11:51:55', '2015-04-19 11:51:55'),
(132, '8:00am', '9:00am', 15, 12, 6, 1500, 0, 2, '2015-04-19 11:51:55', '2015-04-19 11:51:55'),
(133, '8:00am', '9:00am', 15, 12, 7, 1500, 0, 2, '2015-04-19 11:51:55', '2015-04-19 11:51:55'),
(134, '9:00am', '10:00am', 15, 12, 1, 1500, 0, 3, '2015-04-19 11:51:55', '2015-04-19 11:51:55'),
(135, '9:00am', '10:00am', 15, 12, 2, 1500, 0, 3, '2015-04-19 11:51:55', '2015-04-19 11:51:55'),
(136, '9:00am', '10:00am', 15, 12, 3, 1500, 0, 3, '2015-04-19 11:51:55', '2015-04-19 11:51:55'),
(137, '9:00am', '10:00am', 15, 12, 4, 1500, 0, 3, '2015-04-19 11:51:55', '2015-04-19 11:51:55'),
(138, '9:00am', '10:00am', 15, 12, 5, 1500, 0, 3, '2015-04-19 11:51:55', '2015-04-19 11:51:55'),
(139, '9:00am', '10:00am', 15, 12, 6, 1500, 0, 3, '2015-04-19 11:51:55', '2015-04-19 11:51:55'),
(140, '9:00am', '10:00am', 15, 12, 7, 1500, 0, 3, '2015-04-19 11:51:55', '2015-04-19 11:51:55'),
(141, '10:00am', '11:00am', 15, 12, 1, 1500, 0, 4, '2015-04-19 11:51:55', '2015-04-19 11:51:55'),
(142, '10:00am', '11:00am', 15, 12, 2, 1500, 0, 4, '2015-04-19 11:51:55', '2015-04-19 11:51:55'),
(143, '10:00am', '11:00am', 15, 12, 3, 1500, 0, 4, '2015-04-19 11:51:55', '2015-04-19 11:51:55'),
(144, '10:00am', '11:00am', 15, 12, 4, 1500, 0, 4, '2015-04-19 11:51:56', '2015-04-19 11:51:56'),
(145, '10:00am', '11:00am', 15, 12, 5, 1500, 0, 4, '2015-04-19 11:51:56', '2015-04-19 11:51:56'),
(146, '10:00am', '11:00am', 15, 12, 6, 1500, 0, 4, '2015-04-19 11:51:56', '2015-04-19 11:51:56'),
(147, '10:00am', '11:00am', 15, 12, 7, 1500, 0, 4, '2015-04-19 11:51:56', '2015-04-19 11:51:56'),
(148, '11:00am', '12:00pm', 15, 12, 1, 1500, 0, 5, '2015-04-19 11:51:56', '2015-04-19 11:51:56'),
(149, '11:00am', '12:00pm', 15, 12, 2, 1500, 0, 5, '2015-04-19 11:51:56', '2015-04-19 11:51:56'),
(150, '11:00am', '12:00pm', 15, 12, 3, 1500, 0, 5, '2015-04-19 11:51:56', '2015-04-19 11:51:56'),
(151, '11:00am', '12:00pm', 15, 12, 4, 1500, 0, 5, '2015-04-19 11:51:56', '2015-04-19 11:51:56'),
(152, '11:00am', '12:00pm', 15, 12, 5, 1500, 0, 5, '2015-04-19 11:51:56', '2015-04-19 11:51:56'),
(153, '11:00am', '12:00pm', 15, 12, 6, 1500, 0, 5, '2015-04-19 11:51:56', '2015-04-19 11:51:56'),
(154, '11:00am', '12:00pm', 15, 12, 7, 1500, 0, 5, '2015-04-19 11:51:56', '2015-04-19 11:51:56'),
(155, '12:00pm', '1:00pm', 15, 12, 1, 1500, 0, 6, '2015-04-19 11:51:56', '2015-04-19 11:51:56'),
(156, '12:00pm', '1:00pm', 15, 12, 2, 1500, 0, 6, '2015-04-19 11:51:56', '2015-04-19 11:51:56'),
(157, '12:00pm', '1:00pm', 15, 12, 3, 1500, 0, 6, '2015-04-19 11:51:56', '2015-04-19 11:51:56'),
(158, '12:00pm', '1:00pm', 15, 12, 4, 1500, 0, 6, '2015-04-19 11:51:56', '2015-04-19 11:51:56'),
(159, '12:00pm', '1:00pm', 15, 12, 5, 1500, 0, 6, '2015-04-19 11:51:56', '2015-04-19 11:51:56'),
(160, '12:00pm', '1:00pm', 15, 12, 6, 1500, 0, 6, '2015-04-19 11:51:56', '2015-04-19 11:51:56'),
(161, '12:00pm', '1:00pm', 15, 12, 7, 1500, 0, 6, '2015-04-19 11:51:56', '2015-04-19 11:51:56'),
(162, '1:00pm', '2:00pm', 15, 12, 1, 1500, 0, 7, '2015-04-19 11:51:56', '2015-04-19 11:51:56'),
(163, '1:00pm', '2:00pm', 15, 12, 2, 1500, 0, 7, '2015-04-19 11:51:56', '2015-04-19 11:51:56'),
(164, '1:00pm', '2:00pm', 15, 12, 3, 1500, 0, 7, '2015-04-19 11:51:56', '2015-04-19 11:51:56'),
(165, '1:00pm', '2:00pm', 15, 12, 4, 1500, 0, 7, '2015-04-19 11:51:56', '2015-04-19 11:51:56'),
(166, '1:00pm', '2:00pm', 15, 12, 5, 1500, 0, 7, '2015-04-19 11:51:56', '2015-04-19 11:51:56'),
(167, '1:00pm', '2:00pm', 15, 12, 6, 1500, 0, 7, '2015-04-19 11:51:56', '2015-04-19 11:51:56'),
(168, '1:00pm', '2:00pm', 15, 12, 7, 1500, 0, 7, '2015-04-19 11:51:56', '2015-04-19 11:51:56'),
(169, '2:00pm', '3:00pm', 15, 12, 1, 1500, 0, 8, '2015-04-19 11:51:56', '2015-04-19 11:51:56'),
(170, '2:00pm', '3:00pm', 15, 12, 2, 1500, 0, 8, '2015-04-19 11:51:56', '2015-04-19 11:51:56'),
(171, '2:00pm', '3:00pm', 15, 12, 3, 1500, 0, 8, '2015-04-19 11:51:56', '2015-04-19 11:51:56'),
(172, '2:00pm', '3:00pm', 15, 12, 4, 1500, 0, 8, '2015-04-19 11:51:56', '2015-04-19 11:51:56'),
(173, '2:00pm', '3:00pm', 15, 12, 5, 1500, 0, 8, '2015-04-19 11:51:56', '2015-04-19 11:51:56'),
(174, '2:00pm', '3:00pm', 15, 12, 6, 1500, 0, 8, '2015-04-19 11:51:56', '2015-04-19 11:51:56'),
(175, '2:00pm', '3:00pm', 15, 12, 7, 1500, 0, 8, '2015-04-19 11:51:56', '2015-04-19 11:51:56'),
(176, '3:00pm', '4:00pm', 15, 12, 1, 1500, 0, 9, '2015-04-19 11:51:56', '2015-04-19 11:51:56'),
(177, '3:00pm', '4:00pm', 15, 12, 2, 1500, 0, 9, '2015-04-19 11:51:56', '2015-04-19 11:51:56'),
(178, '3:00pm', '4:00pm', 15, 12, 3, 1500, 0, 9, '2015-04-19 11:51:56', '2015-04-19 11:51:56'),
(179, '3:00pm', '4:00pm', 15, 12, 4, 1500, 0, 9, '2015-04-19 11:51:57', '2015-04-19 11:51:57'),
(180, '3:00pm', '4:00pm', 15, 12, 5, 1500, 0, 9, '2015-04-19 11:51:57', '2015-04-19 11:51:57'),
(181, '3:00pm', '4:00pm', 15, 12, 6, 1500, 0, 9, '2015-04-19 11:51:57', '2015-04-19 11:51:57'),
(182, '3:00pm', '4:00pm', 15, 12, 7, 1500, 0, 9, '2015-04-19 11:51:57', '2015-04-19 11:51:57'),
(183, '4:00pm', '5:00pm', 15, 12, 1, 1500, 0, 10, '2015-04-19 11:51:57', '2015-04-19 11:51:57'),
(184, '4:00pm', '5:00pm', 15, 12, 2, 1500, 0, 10, '2015-04-19 11:51:57', '2015-04-19 11:51:57'),
(185, '4:00pm', '5:00pm', 15, 12, 3, 1500, 0, 10, '2015-04-19 11:51:57', '2015-04-19 11:51:57'),
(186, '4:00pm', '5:00pm', 15, 12, 4, 1500, 0, 10, '2015-04-19 11:51:57', '2015-04-19 11:51:57'),
(187, '4:00pm', '5:00pm', 15, 12, 5, 1500, 0, 10, '2015-04-19 11:51:57', '2015-04-19 11:51:57'),
(188, '4:00pm', '5:00pm', 15, 12, 6, 1500, 0, 10, '2015-04-19 11:51:57', '2015-04-19 11:51:57'),
(189, '4:00pm', '5:00pm', 15, 12, 7, 1500, 0, 10, '2015-04-19 11:51:57', '2015-04-19 11:51:57'),
(190, '5:00pm', '6:00pm', 15, 12, 1, 1500, 0, 11, '2015-04-19 11:51:57', '2015-04-19 11:51:57'),
(191, '5:00pm', '6:00pm', 15, 12, 2, 1500, 0, 11, '2015-04-19 11:51:57', '2015-04-19 11:51:57'),
(192, '5:00pm', '6:00pm', 15, 12, 3, 1500, 0, 11, '2015-04-19 11:51:57', '2015-04-19 11:51:57'),
(193, '5:00pm', '6:00pm', 15, 12, 4, 1500, 0, 11, '2015-04-19 11:51:57', '2015-04-19 11:51:57'),
(194, '5:00pm', '6:00pm', 15, 12, 5, 1500, 0, 11, '2015-04-19 11:51:57', '2015-04-19 11:51:57'),
(195, '5:00pm', '6:00pm', 15, 12, 6, 1500, 0, 11, '2015-04-19 11:51:57', '2015-04-19 11:51:57'),
(196, '5:00pm', '6:00pm', 15, 12, 7, 1500, 0, 11, '2015-04-19 11:51:57', '2015-04-19 11:51:57'),
(197, '6:00pm', '7:00pm', 15, 12, 1, 1500, 0, 12, '2015-04-19 11:51:57', '2015-04-19 11:51:57'),
(198, '6:00pm', '7:00pm', 15, 12, 2, 1500, 0, 12, '2015-04-19 11:51:57', '2015-04-19 11:51:57'),
(199, '6:00pm', '7:00pm', 15, 12, 3, 1500, 0, 12, '2015-04-19 11:51:57', '2015-04-19 11:51:57'),
(200, '6:00pm', '7:00pm', 15, 12, 4, 1500, 0, 12, '2015-04-19 11:51:57', '2015-04-19 11:51:57'),
(201, '6:00pm', '7:00pm', 15, 12, 5, 1500, 0, 12, '2015-04-19 11:51:57', '2015-04-19 11:51:57'),
(202, '6:00pm', '7:00pm', 15, 12, 6, 1500, 0, 12, '2015-04-19 11:51:57', '2015-04-19 11:51:57'),
(203, '6:00pm', '7:00pm', 15, 12, 7, 1500, 0, 12, '2015-04-19 11:51:57', '2015-04-19 11:51:57'),
(204, '7:00pm', '8:00pm', 15, 12, 1, 1500, 0, 13, '2015-04-19 11:51:57', '2015-04-19 11:51:57'),
(205, '7:00pm', '8:00pm', 15, 12, 2, 1500, 0, 13, '2015-04-19 11:51:57', '2015-04-19 11:51:57'),
(206, '7:00pm', '8:00pm', 15, 12, 3, 1500, 0, 13, '2015-04-19 11:51:57', '2015-04-19 11:51:57'),
(207, '7:00pm', '8:00pm', 15, 12, 4, 1500, 0, 13, '2015-04-19 11:51:57', '2015-04-19 11:51:57'),
(208, '7:00pm', '8:00pm', 15, 12, 5, 1500, 0, 13, '2015-04-19 11:51:57', '2015-04-19 11:51:57'),
(209, '7:00pm', '8:00pm', 15, 12, 6, 1500, 0, 13, '2015-04-19 11:51:57', '2015-04-19 11:51:57'),
(210, '7:00pm', '8:00pm', 15, 12, 7, 1500, 0, 13, '2015-04-19 11:51:57', '2015-04-19 11:51:57'),
(211, '8:00pm', '9:00pm', 15, 12, 1, 1500, 0, 14, '2015-04-19 11:51:57', '2015-04-19 11:51:57'),
(212, '8:00pm', '9:00pm', 15, 12, 2, 1500, 0, 14, '2015-04-19 11:51:57', '2015-04-19 11:51:57'),
(213, '8:00pm', '9:00pm', 15, 12, 3, 1500, 0, 14, '2015-04-19 11:51:58', '2015-04-19 11:51:58'),
(214, '8:00pm', '9:00pm', 15, 12, 4, 1500, 0, 14, '2015-04-19 11:51:58', '2015-04-19 11:51:58'),
(215, '8:00pm', '9:00pm', 15, 12, 5, 1500, 0, 14, '2015-04-19 11:51:58', '2015-04-19 11:51:58'),
(216, '8:00pm', '9:00pm', 15, 12, 6, 1500, 0, 14, '2015-04-19 11:51:58', '2015-04-19 11:51:58'),
(217, '8:00pm', '9:00pm', 15, 12, 7, 1500, 0, 14, '2015-04-19 11:51:58', '2015-04-19 11:51:58');

-- --------------------------------------------------------

--
-- Table structure for table `todos`
--

CREATE TABLE IF NOT EXISTS `todos` (
  `id` int(10) unsigned NOT NULL AUTO_INCREMENT,
  `task` text COLLATE utf8_unicode_ci NOT NULL,
  `important` tinyint(1) NOT NULL,
  `completed` tinyint(1) NOT NULL,
  `created_at` timestamp NOT NULL DEFAULT '0000-00-00 00:00:00',
  `updated_at` timestamp NOT NULL DEFAULT '0000-00-00 00:00:00',
  PRIMARY KEY (`id`)
) ENGINE=InnoDB DEFAULT CHARSET=utf8 COLLATE=utf8_unicode_ci AUTO_INCREMENT=1 ;

-- --------------------------------------------------------

--
-- Table structure for table `tokens`
--

CREATE TABLE IF NOT EXISTS `tokens` (
  `id` int(11) NOT NULL AUTO_INCREMENT,
  `user_id` int(11) NOT NULL,
  `booking_points` int(11) DEFAULT NULL,
  `arena_id` int(11) DEFAULT NULL,
  `created_at` timestamp NOT NULL DEFAULT '0000-00-00 00:00:00',
  `updated_at` timestamp NOT NULL DEFAULT '0000-00-00 00:00:00',
  PRIMARY KEY (`id`)
) ENGINE=InnoDB  DEFAULT CHARSET=utf8 COLLATE=utf8_unicode_ci AUTO_INCREMENT=6 ;

--
-- Dumping data for table `tokens`
--

INSERT INTO `tokens` (`id`, `user_id`, `booking_points`, `arena_id`, `created_at`, `updated_at`) VALUES
(1, 16, NULL, 0, '2015-04-21 09:03:51', '2015-04-21 09:03:51'),
(2, 12, 5, 0, '2015-04-21 09:09:54', '2015-04-21 09:09:54'),
(3, 3, 10, 0, '0000-00-00 00:00:00', '2015-04-21 09:41:28'),
(4, 1, 15, 3, '0000-00-00 00:00:00', '0000-00-00 00:00:00'),
(5, 1, 30, 12, '0000-00-00 00:00:00', '0000-00-00 00:00:00');

-- --------------------------------------------------------

--
-- Table structure for table `users`
--

CREATE TABLE IF NOT EXISTS `users` (
  `id` int(10) unsigned NOT NULL AUTO_INCREMENT,
  `name` varchar(50) COLLATE utf8_unicode_ci NOT NULL,
  `email` varchar(100) COLLATE utf8_unicode_ci NOT NULL,
  `username` varchar(100) COLLATE utf8_unicode_ci NOT NULL,
  `password` text COLLATE utf8_unicode_ci NOT NULL,
  `password_temp` text COLLATE utf8_unicode_ci NOT NULL,
  `code` text COLLATE utf8_unicode_ci NOT NULL,
  `usertype` int(11) NOT NULL,
  `remember_token` varchar(255) COLLATE utf8_unicode_ci DEFAULT NULL,
  `active` int(11) NOT NULL,
  `created_at` timestamp NOT NULL DEFAULT '0000-00-00 00:00:00',
  `updated_at` timestamp NOT NULL DEFAULT '0000-00-00 00:00:00',
  `image` varchar(20) COLLATE utf8_unicode_ci NOT NULL,
  `deleted_at` timestamp NULL DEFAULT NULL,
  `address` text COLLATE utf8_unicode_ci NOT NULL,
  `contact` int(11) NOT NULL,
  `cover_pic` text COLLATE utf8_unicode_ci NOT NULL,
  `users_daily` text COLLATE utf8_unicode_ci NOT NULL,
  PRIMARY KEY (`id`)
) ENGINE=InnoDB  DEFAULT CHARSET=utf8 COLLATE=utf8_unicode_ci AUTO_INCREMENT=18 ;

--
-- Dumping data for table `users`
--

INSERT INTO `users` (`id`, `name`, `email`, `username`, `password`, `password_temp`, `code`, `usertype`, `remember_token`, `active`, `created_at`, `updated_at`, `image`, `deleted_at`, `address`, `contact`, `cover_pic`, `users_daily`) VALUES
(1, 'suyog Krazz', 'prachanda.gurung@gmail.com', 'pracanda', '$2y$10$THHoibvmFsxI9w/3TvYecufBGe8L80P4KFN3AxQST1VReIt5TKNyy', '', '', 1, 'bHqIPbflq5xt6cppfagl4iiseAspTpV2U21BFoI7kYTJ4clyfV0WN78zVUZg', 1, '2015-03-29 07:04:28', '2015-04-21 11:18:51', '552cfa1bd5fb4.png', NULL, 'ratna chowk', 2147483647, '553395248a91a.jpg', 'hey this is me today'),
(3, 'Prachanda Gurung', 'prachanda.gurung@gmail.com', 'owner', '$2y$10$TvQeTTPHsnKeHyM1a/i9TOYPWvgA7Bo/JFXT9PGVD3CsgEtGTUQfm', '', '', 2, 'wFIrCMPZA2gA41K2Gjtf7lkArtCptOz8x4FP55gSyl7KgewbD7Cre6mxQOUK', 1, '2015-03-29 07:04:28', '2015-04-21 09:42:07', '', NULL, '', 0, '', ''),
(4, 'Prachanda  Gurung', 'prachanda.gurung@gmail.com', 'admin', '$2y$10$TvQeTTPHsnKeHyM1a/i9TOYPWvgA7Bo/JFXT9PGVD3CsgEtGTUQfm', '', '', 3, 'Ayr6yKJe0SHbY4hpYCtx4jEyVOG8IsbTtX654gLOZtwMp5p5PlEftzy76p3g', 1, '2015-03-18 21:27:16', '2015-04-21 09:08:35', '551d09657c4d7.png', NULL, '', 0, '', ''),
(5, 'Yours futsal arena', 'prachanda.gurung@gmail.com', 'yours', '$2y$10$VImFsbBPAxg2gwBwpOK2des/2SjMaFo/1FLBSwk9Z1/tHjoVpPyGC', 'XAwm6XC3Mz', '', 2, NULL, 1, '2015-03-29 07:38:51', '2015-04-05 11:25:51', '', NULL, '', 0, '', ''),
(6, 'Prakash Gurung', 'czinka62@yahoo.com', 'czinka', '$2y$10$TvQeTTPHsnKeHyM1a/i9TOYPWvgA7Bo/JFXT9PGVD3CsgEtGTUQfm', '', '', 2, '0vIvMgXXHINSL0SJY9h1OgEer6jt0YlIjYTsetYqJhm9azNslZXTshtP6zYg', 1, '2015-03-31 09:48:07', '2015-04-01 09:00:17', '', NULL, '', 0, '', ''),
(7, 'pracanda', 'prachanda.gurung@gmail.com', '', '', '', '', 4, NULL, 0, '2015-04-13 08:46:02', '2015-04-13 08:46:02', '', NULL, '', 0, '', ''),
(12, 'Prachanda Gurung', 'czinka2@hotmail.com', 'prakan', '$2y$10$TvQeTTPHsnKeHyM1a/i9TOYPWvgA7Bo/JFXT9PGVD3CsgEtGTUQfm', 'QPyy9prIXf', '', 2, 'aXepJYtgGzgH3oYc8YPlvlKQzUU0PBSRF6hZy7cG8W8Uzh6XkhUbCw73aPDV', 1, '2015-04-14 10:35:13', '2015-04-14 10:59:48', '', NULL, '', 0, '', ''),
(13, 'Last year futsal battle', '', '', '', '', '', 0, NULL, 0, '2015-04-21 08:04:48', '2015-04-21 08:04:48', '', '2015-04-21 08:04:48', '', 2147483647, '', ''),
(14, '9gag wq', '', '', '', '', '', 0, NULL, 0, '2015-04-21 08:10:22', '2015-04-21 08:10:22', '', NULL, '', 2147483647, '', ''),
(15, 'Lambe shrestha', 'prachan_pandu@yahoo.com', 'hijo aaja ko maidan', '$2y$10$e3/pYBNBh4lw8Z1pyvGCPOFqDibL1yWEPX5wFNICUzHlYmN2AvGx2', '7gz0bM61QT', '', 2, NULL, 1, '2015-04-21 08:58:45', '2015-04-21 08:58:45', '', NULL, '', 0, '', ''),
(16, 'Lambe shrestha', 'prachan_pandu@yahoo.com', 'bame', '$2y$10$mpoFCK1xgpiQsVc1UfsOY.gkmStZaN0bu3DrOQZReGybrt1SDapkC', '75PBd4k140', '', 2, NULL, 1, '2015-04-21 09:03:51', '2015-04-21 09:03:51', '', NULL, '', 0, '', ''),
(17, 'Govinda Manandhar', 'radha.devi.gurung1@gmail.com', 'govin', '$2y$10$qV8GLf1a4KwGlTEAFa3aUuxc6vHLLi/gjOJ0dVtZH6bFXq769sy4y', '', 'bZZfVeJ7j7lwzAIIoJVw4wmN4uXB1dd4nYa4opptzdSzTpvc1nRZgq52SYDo', 1, 'hXMkNq0jCJOrnpDYCtZH7KkFai0jr6HFKdzLhqnth2YWcHnd86h1lvkMuDqy', 0, '2015-04-21 09:09:54', '2015-04-21 09:26:14', '', NULL, 'Lamachaur', 2147483647, '', '');

--
-- Constraints for dumped tables
--

--
-- Constraints for table `arenas`
--
ALTER TABLE `arenas`
  ADD CONSTRAINT `arenas_owner_id_foreign` FOREIGN KEY (`user_id`) REFERENCES `users` (`id`) ON DELETE CASCADE;

--
-- Constraints for table `events`
--
ALTER TABLE `events`
  ADD CONSTRAINT `events_owner_id_foreign` FOREIGN KEY (`owner_id`) REFERENCES `users` (`id`),
  ADD CONSTRAINT `events_user_id_foreign` FOREIGN KEY (`user_id`) REFERENCES `users` (`id`);

/*!40101 SET CHARACTER_SET_CLIENT=@OLD_CHARACTER_SET_CLIENT */;
/*!40101 SET CHARACTER_SET_RESULTS=@OLD_CHARACTER_SET_RESULTS */;
/*!40101 SET COLLATION_CONNECTION=@OLD_COLLATION_CONNECTION */;
